,법정동코드,법정동명,폐지여부
0,1111000000,서울특별시 종로구,존재
1,1114000000,서울특별시 중구,존재
2,1117000000,서울특별시 용산구,존재
3,1120000000,서울특별시 성동구,존재
4,1121500000,서울특별시 광진구,존재
5,1123000000,서울특별시 동대문구,존재
6,1126000000,서울특별시 중랑구,존재
7,1129000000,서울특별시 성북구,존재
8,1130500000,서울특별시 강북구,존재
9,1132000000,서울특별시 도봉구,존재
10,1135000000,서울특별시 노원구,존재
11,1138000000,서울특별시 은평구,존재
12,1141000000,서울특별시 서대문구,존재
13,1144000000,서울특별시 마포구,존재
14,1147000000,서울특별시 양천구,존재
15,1150000000,서울특별시 강서구,존재
16,1153000000,서울특별시 구로구,존재
17,1154500000,서울특별시 금천구,존재
18,1156000000,서울특별시 영등포구,존재
19,1159000000,서울특별시 동작구,존재
20,1162000000,서울특별시 관악구,존재
21,1165000000,서울특별시 서초구,존재
22,1168000000,서울특별시 강남구,존재
23,1171000000,서울특별시 송파구,존재
24,1174000000,서울특별시 강동구,존재
25,2611000000,부산광역시 중구,존재
26,2614000000,부산광역시 서구,존재
27,2617000000,부산광역시 동구,존재
28,2620000000,부산광역시 영도구,존재
29,2623000000,부산광역시 부산진구,존재
30,2626000000,부산광역시 동래구,존재
31,2629000000,부산광역시 남구,존재
32,2632000000,부산광역시 북구,존재
33,2635000000,부산광역시 해운대구,존재
34,2638000000,부산광역시 사하구,존재
35,2641000000,부산광역시 금정구,존재
36,2644000000,부산광역시 강서구,존재
37,2647000000,부산광역시 연제구,존재
38,2650000000,부산광역시 수영구,존재
39,2653000000,부산광역시 사상구,존재
40,2671000000,부산광역시 기장군,존재
41,2711000000,대구광역시 중구,존재
42,2714000000,대구광역시 동구,존재
43,2717000000,대구광역시 서구,존재
44,2720000000,대구광역시 남구,존재
45,2723000000,대구광역시 북구,존재
46,2726000000,대구광역시 수성구,존재
47,2729000000,대구광역시 달서구,존재
48,2771000000,대구광역시 달성군,존재
49,2811000000,인천광역시 중구,존재
50,2814000000,인천광역시 동구,존재
51,2817700000,인천광역시 미추홀구,존재
52,2818500000,인천광역시 연수구,존재
53,2820000000,인천광역시 남동구,존재
54,2823700000,인천광역시 부평구,존재
55,2824500000,인천광역시 계양구,존재
56,2826000000,인천광역시 서구,존재
57,2871000000,인천광역시 강화군,존재
58,2872000000,인천광역시 옹진군,존재
59,2911000000,광주광역시 동구,존재
60,2914000000,광주광역시 서구,존재
61,2915500000,광주광역시 남구,존재
62,2917000000,광주광역시 북구,존재
63,2920000000,광주광역시 광산구,존재
64,3011000000,대전광역시 동구,존재
65,3014000000,대전광역시 중구,존재
66,3017000000,대전광역시 서구,존재
67,3020000000,대전광역시 유성구,존재
68,3023000000,대전광역시 대덕구,존재
69,3111000000,울산광역시 중구,존재
70,3114000000,울산광역시 남구,존재
71,3117000000,울산광역시 동구,존재
72,3120000000,울산광역시 북구,존재
73,3171000000,울산광역시 울주군,존재
74,3611000000,세종특별자치시,존재
75,4111000000,경기도 수원시,존재
76,4113000000,경기도 성남시,존재
77,4115000000,경기도 의정부시,존재
78,4117000000,경기도 안양시,존재
79,4119000000,경기도 부천시,존재
80,4121000000,경기도 광명시,존재
81,4122000000,경기도 평택시,존재
82,4125000000,경기도 동두천시,존재
83,4127000000,경기도 안산시,존재
84,4128000000,경기도 고양시,존재
85,4129000000,경기도 과천시,존재
86,4131000000,경기도 구리시,존재
87,4136000000,경기도 남양주시,존재
88,4137000000,경기도 오산시,존재
89,4139000000,경기도 시흥시,존재
90,4141000000,경기도 군포시,존재
91,4143000000,경기도 의왕시,존재
92,4145000000,경기도 하남시,존재
93,4146000000,경기도 용인시,존재
94,4148000000,경기도 파주시,존재
95,4150000000,경기도 이천시,존재
96,4155000000,경기도 안성시,존재
97,4157000000,경기도 김포시,존재
98,4159000000,경기도 화성시,존재
99,4161000000,경기도 광주시,존재
100,4163000000,경기도 양주시,존재
101,4165000000,경기도 포천시,존재
102,4167000000,경기도 여주시,존재
103,4180000000,경기도 연천군,존재
104,4182000000,경기도 가평군,존재
105,4183000000,경기도 양평군,존재
106,4211000000,강원도 춘천시,존재
107,4213000000,강원도 원주시,존재
108,4215000000,강원도 강릉시,존재
109,4217000000,강원도 동해시,존재
110,4219000000,강원도 태백시,존재
111,4221000000,강원도 속초시,존재
112,4223000000,강원도 삼척시,존재
113,4272000000,강원도 홍천군,존재
114,4273000000,강원도 횡성군,존재
115,4275000000,강원도 영월군,존재
116,4276000000,강원도 평창군,존재
117,4277000000,강원도 정선군,존재
118,4278000000,강원도 철원군,존재
119,4279000000,강원도 화천군,존재
120,4280000000,강원도 양구군,존재
121,4281000000,강원도 인제군,존재
122,4282000000,강원도 고성군,존재
123,4283000000,강원도 양양군,존재
124,4311000000,충청북도 청주시,존재
125,4313000000,충청북도 충주시,존재
126,4315000000,충청북도 제천시,존재
127,4372000000,충청북도 보은군,존재
128,4373000000,충청북도 옥천군,존재
129,4374000000,충청북도 영동군,존재
130,4374500000,충청북도 증평군,존재
131,4375000000,충청북도 진천군,존재
132,4376000000,충청북도 괴산군,존재
133,4377000000,충청북도 음성군,존재
134,4380000000,충청북도 단양군,존재
135,4413000000,충청남도 천안시,존재
136,4415000000,충청남도 공주시,존재
137,4418000000,충청남도 보령시,존재
138,4420000000,충청남도 아산시,존재
139,4421000000,충청남도 서산시,존재
140,4423000000,충청남도 논산시,존재
141,4425000000,충청남도 계룡시,존재
142,4427000000,충청남도 당진시,존재
143,4471000000,충청남도 금산군,존재
144,4476000000,충청남도 부여군,존재
145,4477000000,충청남도 서천군,존재
146,4479000000,충청남도 청양군,존재
147,4480000000,충청남도 홍성군,존재
148,4481000000,충청남도 예산군,존재
149,4482500000,충청남도 태안군,존재
150,4511000000,전라북도 전주시,존재
151,4513000000,전라북도 군산시,존재
152,4514000000,전라북도 익산시,존재
153,4518000000,전라북도 정읍시,존재
154,4519000000,전라북도 남원시,존재
155,4521000000,전라북도 김제시,존재
156,4571000000,전라북도 완주군,존재
157,4572000000,전라북도 진안군,존재
158,4573000000,전라북도 무주군,존재
159,4574000000,전라북도 장수군,존재
160,4575000000,전라북도 임실군,존재
161,4577000000,전라북도 순창군,존재
162,4579000000,전라북도 고창군,존재
163,4580000000,전라북도 부안군,존재
164,4611000000,전라남도 목포시,존재
165,4613000000,전라남도 여수시,존재
166,4615000000,전라남도 순천시,존재
167,4617000000,전라남도 나주시,존재
168,4623000000,전라남도 광양시,존재
169,4671000000,전라남도 담양군,존재
170,4672000000,전라남도 곡성군,존재
171,4673000000,전라남도 구례군,존재
172,4677000000,전라남도 고흥군,존재
173,4678000000,전라남도 보성군,존재
174,4679000000,전라남도 화순군,존재
175,4680000000,전라남도 장흥군,존재
176,4681000000,전라남도 강진군,존재
177,4682000000,전라남도 해남군,존재
178,4683000000,전라남도 영암군,존재
179,4684000000,전라남도 무안군,존재
180,4686000000,전라남도 함평군,존재
181,4687000000,전라남도 영광군,존재
182,4688000000,전라남도 장성군,존재
183,4689000000,전라남도 완도군,존재
184,4690000000,전라남도 진도군,존재
185,4691000000,전라남도 신안군,존재
186,4711000000,경상북도 포항시,존재
187,4713000000,경상북도 경주시,존재
188,4715000000,경상북도 김천시,존재
189,4717000000,경상북도 안동시,존재
190,4719000000,경상북도 구미시,존재
191,4721000000,경상북도 영주시,존재
192,4723000000,경상북도 영천시,존재
193,4725000000,경상북도 상주시,존재
194,4728000000,경상북도 문경시,존재
195,4729000000,경상북도 경산시,존재
196,4772000000,경상북도 군위군,존재
197,4773000000,경상북도 의성군,존재
198,4775000000,경상북도 청송군,존재
199,4776000000,경상북도 영양군,존재
200,4777000000,경상북도 영덕군,존재
201,4782000000,경상북도 청도군,존재
202,4783000000,경상북도 고령군,존재
203,4784000000,경상북도 성주군,존재
204,4785000000,경상북도 칠곡군,존재
205,4790000000,경상북도 예천군,존재
206,4792000000,경상북도 봉화군,존재
207,4793000000,경상북도 울진군,존재
208,4794000000,경상북도 울릉군,존재
209,4812000000,경상남도 창원시,존재
210,4817000000,경상남도 진주시,존재
211,4822000000,경상남도 통영시,존재
212,4824000000,경상남도 사천시,존재
213,4825000000,경상남도 김해시,존재
214,4827000000,경상남도 밀양시,존재
215,4831000000,경상남도 거제시,존재
216,4833000000,경상남도 양산시,존재
217,4872000000,경상남도 의령군,존재
218,4873000000,경상남도 함안군,존재
219,4874000000,경상남도 창녕군,존재
220,4882000000,경상남도 고성군,존재
221,4884000000,경상남도 남해군,존재
222,4885000000,경상남도 하동군,존재
223,4886000000,경상남도 산청군,존재
224,4887000000,경상남도 함양군,존재
225,4888000000,경상남도 거창군,존재
226,4889000000,경상남도 합천군,존재
227,5011000000,제주특별자치도 제주시,존재
228,5013000000,제주특별자치도 서귀포시,존재
